{
    "snips/default--LightType": {
        "vanilla": "1d23263d-a886-49b0-acdd-401e9ad4f8ad.vanilla", 
        "added": "1d23263d-a886-49b0-acdd-401e9ad4f8ad.added", 
        "pruningThresholds": [], 
        "ngram": true, 
        "order": 3
    }, 
    "snips/default--Brightness": {
        "vanilla": "9859b5c5-2bf8-482f-98cf-3f1b79bb36d0.vanilla", 
        "added": "9859b5c5-2bf8-482f-98cf-3f1b79bb36d0.added", 
        "pruningThresholds": [], 
        "ngram": true, 
        "order": 3
    }
}