{
    "name": "VAN Assistant 2",
    "intents": [
        {
            "id": "user_ryqs-JIGb__TurnOffLights",
            "type": "registry",
            "version": "latest",
            "language": "en",
            "slots": [
                {
                    "id": "slot_BkqluZJX-",
                    "name": "LightType",
                    "entityId": "snips/default",
                    "missingQuestion": "What light?",
                    "required": true,
                    "entity": "snips/default--LightType"
                }
            ],
            "name": "TurnOffLights",
            "confirmationRequired": false,
            "confirmationQuestion": ""
        },
        {
            "id": "user_ryqs-JIGb__TornOnLights",
            "type": "registry",
            "version": "latest",
            "language": "en",
            "slots": [
                {
                    "id": "slot_Sysx6gXY-",
                    "name": "LightType",
                    "entityId": "snips/default",
                    "missingQuestion": "",
                    "required": false,
                    "entity": "snips/default--LightType"
                }
            ],
            "name": "TornOnLights",
            "confirmationRequired": false,
            "confirmationQuestion": ""
        },
        {
            "id": "user_ryqs-JIGb__DimLights",
            "type": "registry",
            "version": "latest",
            "language": "en",
            "slots": [
                {
                    "id": "slot_H1FFdZ1X-",
                    "name": "LightType",
                    "entityId": "snips/default",
                    "missingQuestion": "What lights?",
                    "required": true,
                    "entity": "snips/default--LightType"
                },
                {
                    "id": "slot_BJYcRg7Y-",
                    "name": "Brightness",
                    "entityId": "snips/default",
                    "missingQuestion": "",
                    "required": false,
                    "entity": "snips/default--Brightness"
                }
            ],
            "name": "DimLights",
            "confirmationRequired": false,
            "confirmationQuestion": ""
        }
    ],
    "createdAt": "2017-06-14T18:55:56.704Z",
    "language": "en",
    "nluEngine": {
        "version": "0.9.0"
    },
    "platform": {
        "type": "rasberrypi"
    },
    "asr": {
        "type": "snips"
    },
    "analyticsEnabled": true
}