{ "intents" : { "user_ryqs-JIGb__TurnOffLights" : { "utterances" : [{ "data" : [{ "text" : "Can you turn off the ", "range" : { "start" : 0, "end" : 21 } }, { "slot_id" : "slot_BkqluZJX-", "slot_name" : "LightType", "text" : "LED", "range" : { "start" : 21, "end" : 24 }, "entity" : "snips/default--LightType", "entity_id" : "snips/default" }, { "text" : " lights", "range" : { "start" : 24, "end" : 31 } }] }, { "data" : [{ "text" : "Can you turn off the ", "range" : { "start" : 0, "end" : 21 } }, { "slot_id" : "slot_BkqluZJX-", "slot_name" : "LightType", "text" : "main", "range" : { "start" : 21, "end" : 25 }, "entity" : "snips/default--LightType", "entity_id" : "snips/default" }, { "text" : " lights ", "range" : { "start" : 25, "end" : 33 } }] }, { "data" : [{ "text" : "turn ", "range" : { "start" : 0, "end" : 5 } }, { "slot_id" : "slot_BkqluZJX-", "slot_name" : "LightType", "text" : "all", "range" : { "start" : 5, "end" : 8 }, "entity" : "snips/default--LightType", "entity_id" : "snips/default" }, { "text" : " the lights off", "range" : { "start" : 8, "end" : 23 } }] }, { "data" : [{ "text" : "Turn off the ", "range" : { "start" : 0, "end" : 13 } }, { "slot_id" : "slot_BkqluZJX-", "slot_name" : "LightType", "text" : "main", "range" : { "start" : 13, "end" : 17 }, "entity" : "snips/default--LightType", "entity_id" : "snips/default" }, { "text" : " lights please", "range" : { "start" : 17, "end" : 31 } }] }, { "data" : [{ "text" : "Turn off the ", "range" : { "start" : 0, "end" : 13 } }, { "slot_id" : "slot_BkqluZJX-", "slot_name" : "LightType", "text" : "LED", "range" : { "start" : 13, "end" : 16 }, "entity" : "snips/default--LightType", "entity_id" : "snips/default" }, { "text" : " lights", "range" : { "start" : 16, "end" : 23 } }] }], "engineType" : "regex", "version" : "0.0.2", "language" : "en" }, "user_ryqs-JIGb__TornOnLights" : { "utterances" : [{ "data" : [{ "text" : "would you turn on the ", "range" : { "start" : 0, "end" : 22 } }, { "slot_id" : "slot_Sysx6gXY-", "slot_name" : "LightType", "text" : "main", "range" : { "start" : 22, "end" : 26 }, "entity" : "snips/default--LightType", "entity_id" : "snips/default" }, { "text" : " lights, please?", "range" : { "start" : 26, "end" : 42 } }] }, { "data" : [{ "slot_id" : "slot_Sysx6gXY-", "slot_name" : "LightType", "text" : "main", "range" : { "start" : 0, "end" : 4 }, "entity" : "snips/default--LightType", "entity_id" : "snips/default" }, { "text" : " lights on", "range" : { "start" : 4, "end" : 14 } }] }, { "data" : [{ "slot_id" : "slot_Sysx6gXY-", "slot_name" : "LightType", "text" : "main", "range" : { "start" : 0, "end" : 4 }, "entity" : "snips/default--LightType", "entity_id" : "snips/default" }, { "text" : " lights please", "range" : { "start" : 4, "end" : 18 } }] }, { "data" : [{ "text" : "Turn on the ", "range" : { "start" : 0, "end" : 12 } }, { "slot_id" : "slot_Sysx6gXY-", "slot_name" : "LightType", "text" : "main", "range" : { "start" : 12, "end" : 16 }, "entity" : "snips/default--LightType", "entity_id" : "snips/default" }, { "text" : " lights please", "range" : { "start" : 16, "end" : 30 } }] }, { "data" : [{ "slot_id" : "slot_Sysx6gXY-", "slot_name" : "LightType", "text" : "LED", "range" : { "start" : 0, "end" : 3 }, "entity" : "snips/default--LightType", "entity_id" : "snips/default" }, { "text" : " Lights on!", "range" : { "start" : 3, "end" : 14 } }] }, { "data" : [{ "text" : "Can you turn on the ", "range" : { "start" : 0, "end" : 20 } }, { "slot_id" : "slot_Sysx6gXY-", "slot_name" : "LightType", "text" : "LED", "range" : { "start" : 20, "end" : 23 }, "entity" : "snips/default--LightType", "entity_id" : "snips/default" }, { "text" : " lights?", "range" : { "start" : 23, "end" : 31 } }] }, { "data" : [{ "text" : "Switch on ", "range" : { "start" : 0, "end" : 10 } }, { "slot_id" : "slot_Sysx6gXY-", "slot_name" : "LightType", "text" : "LED", "range" : { "start" : 10, "end" : 13 }, "entity" : "snips/default--LightType", "entity_id" : "snips/default" }, { "text" : " the lights", "range" : { "start" : 13, "end" : 24 } }] }, { "data" : [{ "slot_id" : "slot_Sysx6gXY-", "slot_name" : "LightType", "text" : "LED", "range" : { "start" : 0, "end" : 3 }, "entity" : "snips/default--LightType", "entity_id" : "snips/default" }, { "text" : " lights please", "range" : { "start" : 3, "end" : 17 } }] }, { "data" : [{ "text" : "Turn on the ", "range" : { "start" : 0, "end" : 12 } }, { "slot_id" : "slot_Sysx6gXY-", "slot_name" : "LightType", "text" : "LED", "range" : { "start" : 12, "end" : 15 }, "entity" : "snips/default--LightType", "entity_id" : "snips/default" }, { "text" : " lights please", "range" : { "start" : 15, "end" : 29 } }] }, { "data" : [{ "text" : "Turn on the ", "range" : { "start" : 0, "end" : 12 } }, { "slot_id" : "slot_Sysx6gXY-", "slot_name" : "LightType", "text" : "LED", "range" : { "start" : 12, "end" : 15 }, "entity" : "snips/default--LightType", "entity_id" : "snips/default" }, { "text" : " lights", "range" : { "start" : 15, "end" : 22 } }] }], "engineType" : "regex", "version" : "0.0.6", "language" : "en" }, "user_ryqs-JIGb__DimLights" : { "utterances" : [{ "data" : [{ "text" : "turn a bit ", "range" : { "start" : 0, "end" : 11 } }, { "from_autotagging" : true, "range" : { "start" : 11, "end" : 17 }, "text" : "softer", "slot_name" : "Brightness", "slot_id" : "slot_BJYcRg7Y-", "entity" : "snips/default--Brightness", "entity_id" : "snips/default" }, { "text" : " the ", "range" : { "start" : 17, "end" : 22 } }, { "from_autotagging" : true, "range" : { "start" : 22, "end" : 26 }, "text" : "LEDs", "slot_name" : "LightType", "slot_id" : "slot_H1FFdZ1X-", "entity" : "snips/default--LightType", "entity_id" : "snips/default" }, { "text" : " please", "range" : { "start" : 26, "end" : 33 } }] }, { "data" : [{ "slot_id" : "slot_BJYcRg7Y-", "slot_name" : "Brightness", "text" : "More", "range" : { "start" : 0, "end" : 4 }, "entity" : "snips/default--Brightness", "entity_id" : "snips/default" }, { "text" : " light on the ", "range" : { "start" : 4, "end" : 18 } }, { "from_autotagging" : true, "range" : { "start" : 18, "end" : 22 }, "text" : "main", "slot_name" : "LightType", "slot_id" : "slot_H1FFdZ1X-", "entity" : "snips/default--LightType", "entity_id" : "snips/default" }, { "text" : " lights", "range" : { "start" : 22, "end" : 29 } }] }, { "data" : [{ "text" : "Please ", "range" : { "start" : 0, "end" : 7 } }, { "from_autotagging" : true, "range" : { "start" : 7, "end" : 12 }, "text" : "raise", "slot_name" : "Brightness", "slot_id" : "slot_BJYcRg7Y-", "entity" : "snips/default--Brightness", "entity_id" : "snips/default" }, { "text" : " the ", "range" : { "start" : 12, "end" : 17 } }, { "from_autotagging" : true, "range" : { "start" : 17, "end" : 20 }, "text" : "LED", "slot_name" : "LightType", "slot_id" : "slot_H1FFdZ1X-", "entity" : "snips/default--LightType", "entity_id" : "snips/default" }, { "text" : " brightness", "range" : { "start" : 20, "end" : 31 } }] }, { "data" : [{ "text" : "Make the ", "range" : { "start" : 0, "end" : 9 } }, { "from_autotagging" : true, "range" : { "start" : 9, "end" : 12 }, "text" : "LED", "slot_name" : "LightType", "slot_id" : "slot_H1FFdZ1X-", "entity" : "snips/default--LightType", "entity_id" : "snips/default" }, { "text" : " lights ", "range" : { "start" : 12, "end" : 20 } }, { "slot_id" : "slot_BJYcRg7Y-", "slot_name" : "Brightness", "text" : "brighter", "range" : { "start" : 20, "end" : 28 }, "entity" : "snips/default--Brightness", "entity_id" : "snips/default" }, { "text" : " please", "range" : { "start" : 28, "end" : 35 } }] }, { "data" : [{ "text" : "can you make the ", "range" : { "start" : 0, "end" : 17 } }, { "slot_id" : "slot_H1FFdZ1X-", "slot_name" : "LightType", "text" : "room", "range" : { "start" : 17, "end" : 21 }, "entity" : "snips/default--LightType", "entity_id" : "snips/default" }, { "text" : " ", "range" : { "start" : 21, "end" : 22 } }, { "slot_id" : "slot_BJYcRg7Y-", "slot_name" : "Brightness", "text" : "less", "range" : { "start" : 22, "end" : 26 }, "entity" : "snips/default--Brightness", "entity_id" : "snips/default" }, { "text" : " bright", "range" : { "start" : 26, "end" : 33 } }] }, { "data" : [{ "text" : "make it the ", "range" : { "start" : 0, "end" : 12 } }, { "slot_id" : "slot_H1FFdZ1X-", "slot_name" : "LightType", "text" : "room", "range" : { "start" : 12, "end" : 16 }, "entity" : "snips/default--LightType", "entity_id" : "snips/default" }, { "text" : " ", "range" : { "start" : 16, "end" : 17 } }, { "slot_id" : "slot_BJYcRg7Y-", "slot_name" : "Brightness", "text" : "darker", "range" : { "start" : 17, "end" : 23 }, "entity" : "snips/default--Brightness", "entity_id" : "snips/default" }] }, { "data" : [{ "slot_id" : "slot_BJYcRg7Y-", "slot_name" : "Brightness", "text" : "lower", "range" : { "start" : 0, "end" : 5 }, "entity" : "snips/default--Brightness", "entity_id" : "snips/default" }, { "text" : " the brightness of the ", "range" : { "start" : 5, "end" : 28 } }, { "slot_id" : "slot_H1FFdZ1X-", "slot_name" : "LightType", "text" : "LED", "range" : { "start" : 28, "end" : 31 }, "entity" : "snips/default--LightType", "entity_id" : "snips/default" }, { "text" : " lights", "range" : { "start" : 31, "end" : 38 } }] }, { "data" : [{ "slot_id" : "slot_BJYcRg7Y-", "slot_name" : "Brightness", "text" : "lower", "range" : { "start" : 0, "end" : 5 }, "entity" : "snips/default--Brightness", "entity_id" : "snips/default" }, { "text" : " the ", "range" : { "start" : 5, "end" : 10 } }, { "slot_id" : "slot_H1FFdZ1X-", "slot_name" : "LightType", "text" : "main", "range" : { "start" : 10, "end" : 14 }, "entity" : "snips/default--LightType", "entity_id" : "snips/default" }, { "text" : " lights", "range" : { "start" : 14, "end" : 21 } }] }, { "data" : [{ "text" : "Can you make the ", "range" : { "start" : 0, "end" : 17 } }, { "slot_id" : "slot_H1FFdZ1X-", "slot_name" : "LightType", "text" : "LED", "range" : { "start" : 17, "end" : 20 }, "entity" : "snips/default--LightType", "entity_id" : "snips/default" }, { "text" : " lights ", "range" : { "start" : 20, "end" : 28 } }, { "slot_id" : "slot_BJYcRg7Y-", "slot_name" : "Brightness", "text" : "less", "range" : { "start" : 28, "end" : 32 }, "entity" : "snips/default--Brightness", "entity_id" : "snips/default" }, { "text" : " bright", "range" : { "start" : 32, "end" : 39 } }] }, { "data" : [{ "text" : "can you ", "range" : { "start" : 0, "end" : 8 } }, { "slot_id" : "slot_BJYcRg7Y-", "slot_name" : "Brightness", "text" : "dim", "range" : { "start" : 8, "end" : 11 }, "entity" : "snips/default--Brightness", "entity_id" : "snips/default" }, { "text" : " the ", "range" : { "start" : 11, "end" : 16 } }, { "slot_id" : "slot_H1FFdZ1X-", "slot_name" : "LightType", "text" : "main", "range" : { "start" : 16, "end" : 20 }, "entity" : "snips/default--LightType", "entity_id" : "snips/default" }, { "text" : " lights please", "range" : { "start" : 20, "end" : 34 } }] }, { "data" : [{ "text" : "Please ", "range" : { "start" : 0, "end" : 7 } }, { "slot_id" : "slot_BJYcRg7Y-", "slot_name" : "Brightness", "text" : "lower", "range" : { "start" : 7, "end" : 12 }, "entity" : "snips/default--Brightness", "entity_id" : "snips/default" }, { "text" : " the ", "range" : { "start" : 12, "end" : 17 } }, { "slot_id" : "slot_H1FFdZ1X-", "slot_name" : "LightType", "text" : "LED", "range" : { "start" : 17, "end" : 20 }, "entity" : "snips/default--LightType", "entity_id" : "snips/default" }, { "text" : " lights", "range" : { "start" : 20, "end" : 27 } }] }], "engineType" : "regex", "version" : "0.0.6", "language" : "en" } }, "entities" : { "snips/default--LightType" : { "id" : "snips/default", "name" : "snips/default--LightType", "entity_type" : "custom", "private" : true, "language" : "en", "use_synonyms" : true, "automatically_extensible" : true, "data" : [] }, "snips/default--Brightness" : { "id" : "snips/default", "name" : "snips/default--Brightness", "entity_type" : "custom", "private" : true, "language" : "en", "use_synonyms" : true, "automatically_extensible" : true, "data" : [] } }, "language" : "en", "snips_nlu_version" : "0.9.0" }