{
  "config": {
    "max_pattern_length": 1000, 
    "max_queries": 100, 
    "unit_name": "deterministic_intent_parser"
  }, 
  "group_names_to_slot_names": {
    "group_0": "LightType", 
    "group_1": "LightType", 
    "group_10": "LightType", 
    "group_11": "LightType", 
    "group_12": "LightType", 
    "group_13": "LightType", 
    "group_14": "LightType", 
    "group_15": "Brightness", 
    "group_16": "LightType", 
    "group_17": "Brightness", 
    "group_18": "LightType", 
    "group_19": "Brightness", 
    "group_2": "LightType", 
    "group_20": "LightType", 
    "group_21": "LightType", 
    "group_22": "Brightness", 
    "group_23": "LightType", 
    "group_24": "Brightness", 
    "group_25": "LightType", 
    "group_26": "Brightness", 
    "group_27": "Brightness", 
    "group_28": "LightType", 
    "group_29": "Brightness", 
    "group_3": "LightType", 
    "group_30": "LightType", 
    "group_31": "LightType", 
    "group_32": "Brightness", 
    "group_33": "Brightness", 
    "group_34": "LightType", 
    "group_35": "Brightness", 
    "group_36": "LightType", 
    "group_37": "LightType", 
    "group_38": "LightType", 
    "group_39": "LightType", 
    "group_4": "LightType", 
    "group_40": "LightType", 
    "group_41": "LightType", 
    "group_42": "LightType", 
    "group_43": "LightType", 
    "group_44": "LightType", 
    "group_45": "LightType", 
    "group_46": "LightType", 
    "group_47": "LightType", 
    "group_48": "LightType", 
    "group_49": "LightType", 
    "group_5": "LightType", 
    "group_50": "LightType", 
    "group_6": "LightType", 
    "group_7": "LightType", 
    "group_8": "LightType", 
    "group_9": "LightType"
  }, 
  "language_code": "en", 
  "patterns": {
    "jmrf:TurnOffLights": [
      "^\\s*turn\\s*off\\s*the\\s*(?P<group_0>%SNIPSDEFAULTLIGHTTYPE%)\\s*light\\s*$", 
      "^\\s*switch\\s*the\\s*(?P<group_1>%SNIPSDEFAULTLIGHTTYPE%)\\s*and\\s*(?P<group_2>%SNIPSDEFAULTLIGHTTYPE%)\\s*lights\\s*off\\s*$", 
      "^\\s*switch\\s*(?P<group_3>%SNIPSDEFAULTLIGHTTYPE%)\\s*lights\\s*off\\s*$", 
      "^\\s*put\\s*off\\s*the\\s*(?P<group_9>%SNIPSDEFAULTLIGHTTYPE%)\\s*light\\s*please\\s*$", 
      "^\\s*turn\\s*(?P<group_12>%SNIPSDEFAULTLIGHTTYPE%)\\s*the\\s*lights\\s*off\\s*$", 
      "^\\s*can\\s*you\\s*turn\\s*off\\s*the\\s*(?P<group_11>%SNIPSDEFAULTLIGHTTYPE%)\\s*lights\\s*$", 
      "^\\s*turn\\s*off\\s*the\\s*(?P<group_14>%SNIPSDEFAULTLIGHTTYPE%)\\s*lights\\s*$", 
      "^\\s*switch\\s*off\\s*the\\s*(?P<group_8>%SNIPSDEFAULTLIGHTTYPE%)\\s*light\\s*$", 
      "^\\s*turn\\s*off\\s*the\\s*(?P<group_13>%SNIPSDEFAULTLIGHTTYPE%)\\s*lights\\s*please\\s*$", 
      "^\\s*put\\s*off\\s*the\\s*(?P<group_5>%SNIPSDEFAULTLIGHTTYPE%)\\s*light\\s*$", 
      "^\\s*(?P<group_6>%SNIPSDEFAULTLIGHTTYPE%)\\s*and\\s*(?P<group_7>%SNIPSDEFAULTLIGHTTYPE%)\\s*light\\s*off\\s*$", 
      "^\\s*make\\s*(?P<group_4>%SNIPSDEFAULTLIGHTTYPE%)\\s*dark\\s*please\\s*$", 
      "^\\s*(?P<group_10>%SNIPSDEFAULTLIGHTTYPE%)\\s*lights\\s*off\\s*$"
    ], 
    "jmrf:TurnOnLights": [
      "^\\s*switch\\s*on\\s*(?P<group_49>%SNIPSDEFAULTLIGHTTYPE%)\\s*the\\s*lights\\s*$", 
      "^\\s*turn\\s*on\\s*the\\s*(?P<group_50>%SNIPSDEFAULTLIGHTTYPE%)\\s*lights\\s*$", 
      "^\\s*switch\\s*the\\s*lights\\s*of\\s*the\\s*(?P<group_42>%SNIPSDEFAULTLIGHTTYPE%)\\s*$", 
      "^\\s*can\\s*you\\s*put\\s*on\\s*the\\s*(?P<group_40>%SNIPSDEFAULTLIGHTTYPE%)\\s*lights\\s*please\\s*$", 
      "^\\s*would\\s*you\\s*turn\\s*on\\s*the\\s*(?P<group_45>%SNIPSDEFAULTLIGHTTYPE%)\\s*lights\\s*please\\s*$", 
      "^\\s*switch\\s*on\\s*the\\s*light\\s*of\\s*the\\s*(?P<group_44>%SNIPSDEFAULTLIGHTTYPE%)\\s*please\\s*$", 
      "^\\s*turn\\s*on\\s*the\\s*(?P<group_47>%SNIPSDEFAULTLIGHTTYPE%)\\s*lights\\s*please\\s*$", 
      "^\\s*(?P<group_41>%SNIPSDEFAULTLIGHTTYPE%)\\s*lights\\s*on\\s*$", 
      "^\\s*(?P<group_46>%SNIPSDEFAULTLIGHTTYPE%)\\s*lights\\s*please\\s*$", 
      "^\\s*switch\\s*on\\s*the\\s*(?P<group_37>%SNIPSDEFAULTLIGHTTYPE%)\\s*and\\s*(?P<group_38>%SNIPSDEFAULTLIGHTTYPE%)\\s*lights\\s*please\\s*$", 
      "^\\s*light\\s*the\\s*(?P<group_43>%SNIPSDEFAULTLIGHTTYPE%)\\s*light\\s*please\\s*$", 
      "^\\s*turn\\s*on\\s*(?P<group_39>%SNIPSDEFAULTLIGHTTYPE%)\\s*the\\s*lights\\s*$", 
      "^\\s*can\\s*you\\s*turn\\s*on\\s*the\\s*(?P<group_48>%SNIPSDEFAULTLIGHTTYPE%)\\s*lights\\s*$"
    ], 
    "user_ryqs-JIGb__DimLights": [
      "^\\s*please\\s*(?P<group_35>%SNIPSDEFAULTBRIGHTNESS%)\\s*the\\s*(?P<group_36>%SNIPSDEFAULTLIGHTTYPE%)\\s*lights\\s*$", 
      "^\\s*can\\s*you\\s*(?P<group_33>%SNIPSDEFAULTBRIGHTNESS%)\\s*the\\s*(?P<group_34>%SNIPSDEFAULTLIGHTTYPE%)\\s*lights\\s*please\\s*$", 
      "^\\s*(?P<group_27>%SNIPSDEFAULTBRIGHTNESS%)\\s*the\\s*brightness\\s*of\\s*the\\s*(?P<group_28>%SNIPSDEFAULTLIGHTTYPE%)\\s*lights\\s*$", 
      "^\\s*(?P<group_29>%SNIPSDEFAULTBRIGHTNESS%)\\s*the\\s*(?P<group_30>%SNIPSDEFAULTLIGHTTYPE%)\\s*lights\\s*$", 
      "^\\s*make\\s*it\\s*the\\s*(?P<group_25>%SNIPSDEFAULTLIGHTTYPE%)\\s*(?P<group_26>%SNIPSDEFAULTBRIGHTNESS%)\\s*$", 
      "^\\s*make\\s*the\\s*(?P<group_21>%SNIPSDEFAULTLIGHTTYPE%)\\s*lights\\s*(?P<group_22>%SNIPSDEFAULTBRIGHTNESS%)\\s*please\\s*$", 
      "^\\s*(?P<group_17>%SNIPSDEFAULTBRIGHTNESS%)\\s*light\\s*on\\s*the\\s*(?P<group_18>%SNIPSDEFAULTLIGHTTYPE%)\\s*lights\\s*$", 
      "^\\s*can\\s*you\\s*make\\s*the\\s*(?P<group_23>%SNIPSDEFAULTLIGHTTYPE%)\\s*(?P<group_24>%SNIPSDEFAULTBRIGHTNESS%)\\s*bright\\s*$", 
      "^\\s*can\\s*you\\s*make\\s*the\\s*(?P<group_31>%SNIPSDEFAULTLIGHTTYPE%)\\s*lights\\s*(?P<group_32>%SNIPSDEFAULTBRIGHTNESS%)\\s*bright\\s*$", 
      "^\\s*turn\\s*a\\s*bit\\s*(?P<group_15>%SNIPSDEFAULTBRIGHTNESS%)\\s*the\\s*(?P<group_16>%SNIPSDEFAULTLIGHTTYPE%)\\s*please\\s*$", 
      "^\\s*please\\s*(?P<group_19>%SNIPSDEFAULTBRIGHTNESS%)\\s*the\\s*(?P<group_20>%SNIPSDEFAULTLIGHTTYPE%)\\s*brightness\\s*$"
    ]
  }, 
  "slot_names_to_entities": {
    "jmrf:TurnOffLights": {
      "LightType": "snips/default--LightType"
    }, 
    "jmrf:TurnOnLights": {
      "LightType": "snips/default--LightType"
    }, 
    "user_ryqs-JIGb__DimLights": {
      "Brightness": "snips/default--Brightness", 
      "LightType": "snips/default--LightType"
    }
  }
}