[
    {
        "far": 0.0, 
        "recall": 0.0, 
        "sensitivity": 0.0, 
        "threshold": 1.0
    }, 
    {
        "far": 0.16007693831245048, 
        "recall": 0.7655310621242485, 
        "sensitivity": 0.05, 
        "threshold": 0.87
    }, 
    {
        "far": 0.32015387662490097, 
        "recall": 0.9018036072144289, 
        "sensitivity": 0.1, 
        "threshold": 0.77
    }, 
    {
        "far": 0.4802308149373514, 
        "recall": 0.9298597194388778, 
        "sensitivity": 0.15, 
        "threshold": 0.685
    }, 
    {
        "far": 0.6403077532498019, 
        "recall": 0.9539078156312625, 
        "sensitivity": 0.2, 
        "threshold": 0.625
    }, 
    {
        "far": 1.6007693831245047, 
        "recall": 0.9639278557114228, 
        "sensitivity": 0.25, 
        "threshold": 0.57
    }, 
    {
        "far": 2.081000198061856, 
        "recall": 0.969939879759519, 
        "sensitivity": 0.3, 
        "threshold": 0.53
    }, 
    {
        "far": 3.041461827936559, 
        "recall": 0.9759519038076152, 
        "sensitivity": 0.35, 
        "threshold": 0.5
    }, 
    {
        "far": 3.681769581186361, 
        "recall": 0.9779559118236473, 
        "sensitivity": 0.4, 
        "threshold": 0.475
    }, 
    {
        "far": 4.3220773344361625, 
        "recall": 0.9799599198396793, 
        "sensitivity": 0.45, 
        "threshold": 0.455
    }, 
    {
        "far": 4.9623850876859645, 
        "recall": 0.9819639278557114, 
        "sensitivity": 0.5, 
        "threshold": 0.44
    }, 
    {
        "far": 5.762769779248217, 
        "recall": 0.9819639278557114, 
        "sensitivity": 0.55, 
        "threshold": 0.425
    }, 
    {
        "far": 6.56315447081047, 
        "recall": 0.9839679358717435, 
        "sensitivity": 0.6, 
        "threshold": 0.41
    }, 
    {
        "far": 7.523616100685172, 
        "recall": 0.9839679358717435, 
        "sensitivity": 0.65, 
        "threshold": 0.39
    }, 
    {
        "far": 9.444539360434577, 
        "recall": 0.9859719438877755, 
        "sensitivity": 0.7, 
        "threshold": 0.365
    }, 
    {
        "far": 12.486001188371137, 
        "recall": 0.9879759519038076, 
        "sensitivity": 0.75, 
        "threshold": 0.33
    }, 
    {
        "far": 17.928617090994454, 
        "recall": 0.9919839679358717, 
        "sensitivity": 0.8, 
        "threshold": 0.29
    }, 
    {
        "far": 30.41461827936559, 
        "recall": 0.9959919839679359, 
        "sensitivity": 0.85, 
        "threshold": 0.24
    }, 
    {
        "far": 53.62577433467091, 
        "recall": 0.9979959919839679, 
        "sensitivity": 0.9, 
        "threshold": 0.18
    }, 
    {
        "far": 134.14447430583348, 
        "recall": 0.9979959919839679, 
        "sensitivity": 0.95, 
        "threshold": 0.1
    }, 
    {
        "far": 2190.1726699909473, 
        "recall": 1.0, 
        "sensitivity": 1.0, 
        "threshold": 0.0
    }
]