{
  "id" : "proj_rkr68ZJX-",
  "name" : "VAN Assistant 2",
  "intents" : [ {
    "id" : "jmrf:TurnOffLights",
    "type" : "registry",
    "version" : "0.5.0",
    "language" : "en",
    "slots" : [ {
      "name" : "LightType",
      "id" : "slot_BkqluZJX-",
      "entityId" : "snips/default",
      "missingQuestion" : "What light?",
      "required" : true
    } ],
    "name" : "TurnOffLights",
    "confirmationQuestion" : ""
  }, {
    "id" : "jmrf:TurnOnLights",
    "type" : "registry",
    "version" : "0.11.0",
    "language" : "en",
    "slots" : [ {
      "name" : "LightType",
      "id" : "slot_Sysx6gXY-",
      "entityId" : "snips/default",
      "missingQuestion" : "",
      "required" : false,
      "description" : "The name of the light. Can either be LED light, front light, middle light or rear light."
    } ],
    "name" : "TurnOnLights",
    "confirmationQuestion" : ""
  }, {
    "id" : "user_ryqs-JIGb__DimLights",
    "type" : "registry",
    "version" : "0.7.0",
    "language" : "en",
    "slots" : [ {
      "name" : "LightType",
      "id" : "slot_H1FFdZ1X-",
      "entityId" : "snips/default",
      "missingQuestion" : "What lights?",
      "required" : true
    }, {
      "name" : "Brightness",
      "id" : "slot_BJYcRg7Y-",
      "entityId" : "snips/default",
      "missingQuestion" : "",
      "required" : false
    } ],
    "name" : "DimLights",
    "confirmationRequired" : false,
    "confirmationQuestion" : ""
  } ],
  "createdAt" : "2017-06-14T18:55:56.704Z",
  "language" : "en",
  "version" : {
    "nluModel" : "0.17.0"
  },
  "platform" : {
    "type" : "rasberrypi"
  },
  "asr" : {
    "type" : "snips"
  },
  "analyticsEnabled" : true,
  "heartbeatEnabled" : true,
  "hotword" : "chappie"
}